 ,ICT,ICU,ICUN,ICD,ICUJ,ICC,ICW,CBO,TA,PUBA,PRIA,PROA,DA,LCOM5,JAXTL,JAXCL,JAXCD,JAXNC,JAXID,JAXII,JAXAC,JAXAM,NOC,TNE,JEC,CEC,JCKE,RTE,ERR,DIT,TM,EDM,ORM,OLM,ORR,OLR,ORMNA,ECORM,EOLM,AOLM,OOM,OMSC
Buggy 1 : FromXmlParser,12,9,3,0,0,0,1,17,16,1,0,13,2,0.9324324324324325,857,305,1,0,0,0,0,0,0,24,24,0,22,2,0,6,124,46,41,0,0.33064517,0.0,4,0,0,0,0.025,0.0
Buggy 2 : XmlTokenStream,7,7,0,0,0,0,1,6,21,6,3,12,0,0.8401122019635343,470,162,1,0,0,0,0,0,0,20,20,0,15,5,0,1,34,23,1,0,0.029411765,0.0,0,0,0,0,0.0,0.0
Buggy 3 : FromXmlParser,12,9,3,0,0,0,1,17,16,1,0,13,2,0.9324324324324325,866,308,1,0,0,0,0,0,0,24,24,0,22,2,0,6,124,46,41,0,0.33064517,0.0,4,0,0,0,0.025,0.0
Buggy 4 : XmlSerializerProvider,15,14,1,0,0,0,1,15,3,0,1,2,0,0.6772486772486772,249,45,1,0,0,0,0,0,0,13,13,0,13,0,0,5,100,9,4,0,0.04,0.0,0,0,0,0,0.5,0.0
Buggy 5 : XmlSerializerProvider,15,14,1,0,0,0,1,15,3,0,1,2,0,0.775,222,43,1,0,0,0,0,0,0,8,8,0,8,0,0,5,113,10,5,0,0.044247787,0.0,1,0,0,0,0.25,0.0
Buggy 6 : ToXmlGenerator,16,15,1,0,0,0,3,18,15,0,0,13,2,0.9289044289044289,1128,276,1,0,0,0,0,0,0,67,67,0,64,3,0,7,138,62,48,0,0.3478261,0.0,4,1,0,0,0.15151516,0.020833334
