 ,ICT,ICU,ICUN,ICD,ICUJ,ICC,ICW,CBO,TA,PUBA,PRIA,PROA,DA,LCOM5,JAXTL,JAXCL,JACD,JAXNC,JAXID,JAXII,JAXAC,JAXAM,NOC,TNE,JEC,CEC,JCKE,RTE,ERR,DIT,TM,EDM,ORM,OLM,ORR,OLR,ORMNA,ECORM,EOLM,AOLM,OOM,OMSC
Fixed 1 : FromXmlParser,12,9,3,0,0,0,1,17,16,1,0,13,2,0.9324324324324325,861,305,1,0,0,0,0,0,0,24,24,0,22,2,0,6,124,46,41,0,0.33064517,0.0,4,0,0,0,0.025,0.0
Fixed 2 : XmlTokenStream,7,7,0,0,0,0,1,6,22,6,3,13,0,0.8595238095238096,496,162,1,0,0,0,0,0,0,20,20,0,15,5,0,1,35,24,1,0,0.028571429,0.0,0,0,0,0,0.0,0.0
Fixed 3 : FromXmlParser,12,9,3,0,0,0,1,17,16,1,0,13,2,0.9324324324324325,865,308,1,0,0,0,0,0,0,24,24,0,22,2,0,6,124,46,41,0,0.33064517,0.0,4,0,0,0,0.025,0.0
Fixed 4 : XmlSerializerProvider,15,14,1,0,0,0,1,15,3,0,1,2,0,0.6515151515151515,253,45,1,0,0,0,0,0,0,13,13,0,13,0,0,5,100,9,4,0,0.04,0.0,0,0,0,0,0.5,0.0
Fixed 5 : XmlSerializerProvider,15,14,1,0,0,0,1,15,3,0,1,2,0,0.775,222,43,1,0,0,0,0,0,0,8,8,0,8,0,0,5,113,10,5,0,0.044247787,0.0,1,0,0,0,0.25,0.0
Fixed 6 : ToXmlGenerator,16,15,1,0,0,0,3,18,15,0,0,13,2,0.9314888010540184,1194,276,1,0,0,0,0,0,0,72,72,0,69,3,0,7,140,65,49,1,0.35,0.007142857,4,1,0,0,0.18181819,0.020408163
